ID,Depth,r2_train,r2_test
1,50,0.7797881255,0.5331276472
2,100,0.8484646839,0.5805059505
3,150,0.8709582798,0.5866010939
4,200,0.8874894113,0.5909476239
5,300,0.91180221,0.596317355
6,400,0.9120294829,0.5962869069
7,500,0.9120294829,0.5962869069
