ID,Depth,r2_train,r2_test
1,0.01,0.8051201071362903,0.5463172446173646 
2,0.03,0.8807684776340071,0.5806081203935716 
3,0.05,0.9118022100042541,0.5963173546637346 
4,0.07,0.9027687108924395,0.5813452086215631 
5,0.09,0.9107416657355255,0.5807624307717707 
6,0.11,0.9111317558299047,0.5812616244394851 
